{
  "id": "journal-backlinks",
  "title": "Journal Backlinks",
  "description": "Include links to entities that reference the viewed journal, actor, item, etc.",
  "authors": [{
    "name": "jtracey"
  }],
  "url": "https://www.schwarzmantel.de/modules/journal-backlinks/",
  "license": "",
  "bugs": "",
  "version": "0.11.6",
  "compatibility": {
    "minimum": "11",
    "verified": "11"
  },
  "esmodules": [
    "./scripts/index.js"
  ],
  "styles": [
    "./css/journallink.css"
  ],
  "languages": [
    {
      "lang": "en",
      "name": "English",
      "path": "./lang/en.json"
    },
    {
      "lang": "es",
      "name": "Español",
      "path": "./lang/es.json"
    }
  ],
  "manifest": "https://www.schwarzmantel.de/modules/journal-backlinks/module.json",
  "download": "https://www.schwarzmantel.de/modules/journal-backlinks/main.zip",
  "changelog": ""
}
